pc1,pc2,species
2.739897,0.199429,setosa
2.788147,-0.193085,setosa
2.947467,-0.205908,setosa
2.807154,-0.400850,setosa
2.811334,0.292873,setosa
2.300211,0.651422,setosa
2.842476,-0.172912,setosa
2.662116,0.099483,setosa
2.933108,-0.642260,setosa
2.740410,-0.116315,setosa
2.522777,0.597670,setosa
2.625236,-0.050619,setosa
2.807531,-0.305854,setosa
3.248156,-0.604139,setosa
2.691014,1.129688,setosa
2.414416,1.245702,setosa
2.686839,0.724448,setosa
2.719463,0.282970,setosa
2.223984,0.826405,setosa
2.648799,0.479353,setosa
2.358385,0.363850,setosa
2.575242,0.322787,setosa
3.262011,0.053195,setosa
2.385785,0.032010,setosa
2.415163,-0.091884,setosa
2.544336,-0.153872,setosa
2.490127,0.035333,setosa
2.610156,0.358431,setosa
2.666521,0.251347,setosa
2.682072,-0.272911,setosa
2.601498,-0.241805,setosa
2.432061,0.407105,setosa
2.693388,0.673675,setosa
2.648917,1.014963,setosa
2.715017,-0.147868,setosa
2.885439,0.022221,setosa
2.677734,0.599138,setosa
2.844321,0.152783,setosa
3.049778,-0.525234,setosa
2.641896,0.187807,setosa
2.789234,0.211069,setosa
2.885265,-0.973256,setosa
3.053323,-0.434936,setosa
2.448050,0.097774,setosa
2.216340,0.362047,setosa
2.761576,-0.276165,setosa
2.609672,0.407540,setosa
2.898987,-0.334495,setosa
2.583146,0.494654,setosa
2.766065,0.053251,setosa
2.829089,-0.126005,setosa
2.759014,-0.055390,setosa
2.721381,-0.025944,setosa
2.860117,0.020658,setosa
3.063788,0.126923,setosa
3.241466,-0.844743,setosa
2.624077,0.623951,setosa
2.721771,-0.024521,setosa
2.818929,0.362365,setosa
2.521678,-0.180378,setosa
2.689533,0.288785,setosa
2.785928,-0.094138,setosa
2.553391,0.046105,setosa
2.683957,0.604249,setosa
2.540769,0.813811,setosa
2.806511,0.118928,setosa
2.880050,-0.532941,setosa
2.567125,0.538153,setosa
2.428916,0.398034,setosa
2.517408,1.104907,setosa
2.481273,0.725933,setosa
2.658290,-0.308842,setosa
2.520575,0.263893,setosa
2.983688,-0.229669,setosa
2.618038,0.395252,setosa
2.677139,0.436423,setosa
2.760835,0.759638,setosa
2.761023,0.260618,setosa
2.543539,0.680943,setosa
2.555200,0.845926,setosa
2.766054,-0.028526,setosa
3.033256,-0.756726,setosa
2.978815,-0.216219,setosa
2.615681,0.407777,setosa
2.950350,-0.224879,setosa
2.728102,0.206026,setosa
2.416648,0.732557,setosa
2.578453,-0.203949,setosa
2.839946,-0.173490,setosa
2.788445,-0.177311,setosa
2.390202,0.542180,setosa
2.992234,-0.371750,setosa
2.796991,1.032523,setosa
3.297350,-0.549640,setosa
2.982275,-0.303474,setosa
2.502879,0.031072,setosa
2.910960,0.155561,setosa
2.595356,0.621677,setosa
2.612421,0.219023,setosa
2.920077,-0.084408,setosa
2.403014,1.396931,setosa
2.814081,0.089553,setosa
2.582014,0.564403,setosa
2.486210,0.207941,setosa
2.510470,0.920011,setosa
2.445983,0.097253,setosa
3.076523,-0.526977,setosa
3.062286,0.166586,setosa
2.705269,0.936857,setosa
3.035090,-0.243167,setosa
2.974401,-0.386048,setosa
2.674617,0.243942,setosa
2.731927,0.647682,setosa
2.962395,-0.010654,setosa
2.486739,0.103569,setosa
3.258627,-0.410722,setosa
2.725410,0.497605,setosa
2.731694,-0.196017,setosa
2.381684,0.771488,setosa
2.466879,0.137353,setosa
2.979155,-0.275424,setosa
3.061434,-0.423186,setosa
2.868788,-0.326646,setosa
2.796639,-0.377267,setosa
2.547702,0.050539,setosa
2.631674,0.438695,setosa
2.370067,0.708064,setosa
2.210895,0.455734,setosa
2.622514,0.269310,setosa
2.486740,0.167380,setosa
2.804686,0.459649,setosa
2.570209,0.760839,setosa
2.213238,0.990637,setosa
2.575987,0.417390,setosa
2.855956,0.199182,setosa
2.641550,-0.287429,setosa
2.860334,-0.216569,setosa
2.339467,0.617126,setosa
2.762595,0.038227,setosa
2.671548,0.232720,setosa
2.885474,-0.195093,setosa
2.568676,0.377757,setosa
2.418004,-0.279074,setosa
2.739353,0.125759,setosa
2.853952,-0.295026,setosa
2.290283,0.452187,setosa
2.547094,-0.162687,setosa
2.653946,0.095426,setosa
2.185848,0.629776,setosa
3.108616,-0.542585,setosa
2.731263,0.231403,setosa
2.974638,-0.395127,setosa
2.606775,0.778962,setosa
2.823722,-0.417714,setosa
2.844416,0.086573,setosa
2.649881,-0.015743,setosa
2.866624,-0.106108,setosa
2.723512,0.377833,setosa
2.793336,-0.280386,setosa
2.636556,0.297152,setosa
2.997841,-1.067454,setosa
2.709031,0.179159,setosa
2.713374,0.542572,setosa
3.185969,-0.482686,setosa
2.754193,0.367819,setosa
2.687772,0.415107,setosa
2.577794,-0.136678,setosa
3.186784,-0.619820,setosa
2.587438,-0.129130,setosa
2.387165,1.099670,setosa
2.619146,0.242222,setosa
2.713013,-0.351932,setosa
2.467658,-0.182398,setosa
2.412380,0.231699,setosa
3.060336,-0.139463,setosa
2.557474,-0.049995,setosa
2.679533,0.432041,setosa
2.766366,0.666088,setosa
2.649615,0.678521,setosa
2.381726,-0.088733,setosa
2.525972,0.549818,setosa
2.658001,-0.083077,setosa
2.766999,0.239099,setosa
2.538646,0.381932,setosa
2.567958,1.271292,setosa
2.428675,0.153934,setosa
2.866990,0.261065,setosa
3.162861,-0.487335,setosa
2.573395,-0.061895,setosa
2.655681,0.399450,setosa
2.660919,0.594286,setosa
2.698347,0.144671,setosa
2.474113,0.677085,setosa
2.318617,0.149281,setosa
2.886891,-0.345647,setosa
3.183450,-0.368156,setosa
2.655615,-0.157780,setosa
2.806562,0.225715,setosa
2.787839,1.109502,setosa
2.661333,-0.028920,setosa
2.579176,0.463425,setosa
2.594038,0.258271,setosa
2.814868,-0.506415,setosa
3.049958,-0.655026,setosa
2.772347,0.096737,setosa
2.749483,0.343076,setosa
2.758909,0.216337,setosa
2.671109,0.095218,setosa
2.466254,0.372530,setosa
2.681106,0.563604,setosa
2.782054,0.308527,setosa
2.660948,0.514953,setosa
2.789283,-0.084231,setosa
2.729486,-0.335916,setosa
3.216248,-0.396511,setosa
2.472458,0.611261,setosa
2.468162,0.786798,setosa
2.998612,-0.325748,setosa
2.745159,0.364726,setosa
2.854026,0.267432,setosa
2.529483,0.472209,setosa
2.550238,0.485659,setosa
2.863099,-0.142731,setosa
2.511264,0.183121,setosa
2.641064,0.275305,setosa
2.344199,0.115166,setosa
2.773925,0.375548,setosa
2.735487,0.079707,setosa
3.191016,-0.481059,setosa
2.632712,0.414653,setosa
2.770791,0.014810,setosa
2.647057,1.011239,setosa
3.049533,-0.275334,setosa
2.754413,-0.111419,setosa
2.747113,-0.002614,setosa
2.540589,0.527904,setosa
2.526331,-0.050893,setosa
2.499876,1.110331,setosa
2.793718,0.136423,setosa
2.535975,0.454694,setosa
2.656494,0.550485,setosa
2.633867,0.110409,setosa
2.579353,0.460065,setosa
2.943300,-0.461926,setosa
2.903146,-0.207197,setosa
2.958403,-0.659291,setosa
2.641713,0.077249,setosa
2.559522,0.609583,setosa
2.682470,0.147376,setosa
3.130269,-0.554503,setosa
2.534140,0.680308,setosa
2.845136,-0.097080,setosa
2.585536,0.552893,setosa
2.831933,-0.280741,setosa
2.384513,0.692673,setosa
2.991316,-0.151159,setosa
3.052168,-0.159199,setosa
2.537243,-0.043448,setosa
2.616422,-0.096749,setosa
2.241309,0.321413,setosa
2.674620,0.276488,setosa
3.139328,0.111281,setosa
2.481570,-0.045598,setosa
2.811446,0.086146,setosa
2.866056,-0.311976,setosa
2.737519,0.094560,setosa
2.722445,0.376393,setosa
2.809213,-0.188015,setosa
2.839088,0.215949,setosa
2.618207,0.150352,setosa
2.336593,0.446258,setosa
2.598757,0.770512,setosa
2.577396,0.553816,setosa
2.646958,0.416484,setosa
2.544578,0.287269,setosa
2.823433,0.095344,setosa
2.711439,1.012504,setosa
2.753534,0.306684,setosa
2.396499,1.025345,setosa
2.552009,0.315556,setosa
2.834518,-0.235997,setosa
2.605930,1.218820,setosa
3.012810,-0.464819,setosa
2.926324,-0.642180,setosa
2.563147,0.103739,setosa
3.055723,-0.502816,setosa
2.684142,1.019753,setosa
2.478738,0.590936,setosa
2.419943,-0.121554,setosa
2.954339,-0.175371,setosa
2.528799,0.564106,setosa
2.572484,0.606066,setosa
3.149197,-0.035746,setosa
2.808070,0.248988,setosa
2.740447,-0.095343,setosa
2.531135,0.131214,setosa
2.683340,0.580862,setosa
2.312966,0.163924,setosa
2.792295,-0.309301,setosa
2.786865,0.029089,setosa
2.720095,-0.061772,setosa
2.611669,0.382893,setosa
2.726724,-0.297811,setosa
3.222703,-0.837869,setosa
2.720552,0.822419,setosa
2.547690,0.382489,setosa
2.690453,0.136828,setosa
2.708616,-0.213339,setosa
2.225167,0.991849,setosa
2.503621,0.683394,setosa
2.717639,0.028602,setosa
2.793608,0.199065,setosa
2.716083,0.333868,setosa
2.573929,0.430011,setosa
2.707553,0.222612,setosa
3.004410,-0.394890,setosa
2.885494,-0.208079,setosa
3.161549,-0.480010,setosa
2.832574,0.003250,setosa
2.620593,0.674085,setosa
2.671662,0.510328,setosa
2.745773,0.501718,setosa
2.206046,0.472975,setosa
2.783221,0.244947,setosa
2.728478,0.283371,setosa
2.433979,0.536458,setosa
2.471379,0.643622,setosa
2.857564,0.192829,setosa
2.651931,0.499750,setosa
3.286415,-0.514807,setosa
2.720403,-0.235927,setosa
2.811972,0.544409,setosa
3.069300,-0.777127,setosa
2.807873,-0.137538,setosa
2.728227,0.370344,setosa
2.334589,1.111748,setosa
2.908831,-0.261830,setosa
3.039315,-0.248804,setosa
2.702738,0.502927,setosa
2.851709,-0.053810,setosa
2.686088,-0.041007,setosa
2.592149,0.877987,setosa
2.648012,-0.389413,setosa
3.392426,-0.669614,setosa
2.190578,0.736609,setosa
2.525545,0.635328,setosa
2.724696,0.509947,setosa
2.670193,-0.023342,setosa
2.582384,0.224858,setosa
2.362655,0.654054,setosa
3.159439,-0.507515,setosa
2.556788,0.834907,setosa
3.177273,-0.380398,setosa
2.652758,0.169927,setosa
2.977006,0.110327,setosa
2.864285,-0.075213,setosa
2.950391,-0.412588,setosa
2.522402,0.325259,setosa
2.674102,0.673290,setosa
2.668324,-0.368506,setosa
2.605359,0.157012,setosa
2.571466,0.147590,setosa
2.480734,0.250580,setosa
2.933580,0.110113,setosa
2.667698,-0.292216,setosa
2.979667,0.165657,setosa
2.757784,-0.131365,setosa
2.473761,0.506481,setosa
2.635274,-0.155252,setosa
2.451441,1.001056,setosa
2.352044,0.759434,setosa
2.540964,0.946374,setosa
2.826707,0.044466,setosa
2.603440,0.643341,setosa
2.530095,1.230732,setosa
2.664463,0.600271,setosa
2.569158,0.650148,setosa
3.122039,-0.648009,setosa
2.576426,0.505883,setosa
2.547347,-0.088799,setosa
2.316526,0.432264,setosa
3.203054,-0.236667,setosa
2.669263,0.480190,setosa
3.182833,-0.037590,setosa
2.675617,0.489072,setosa
2.834739,-0.120146,setosa
2.355135,0.205890,setosa
2.897221,-0.191710,setosa
2.691930,0.670812,setosa
2.531901,0.163823,setosa
2.628283,0.004945,setosa
2.709484,-0.230857,setosa
2.667731,-0.046886,setosa
2.877933,0.950042,setosa
3.078794,-0.406409,setosa
3.123806,-0.660414,setosa
2.790147,0.106931,setosa
2.774065,-0.277203,setosa
2.184098,0.417351,setosa
3.107278,-0.490133,setosa
2.540584,0.431638,setosa
2.676195,0.651159,setosa
2.574500,0.409547,setosa
3.127429,-0.444736,setosa
2.477347,0.165085,setosa
2.859182,0.366179,setosa
2.829246,0.319823,setosa
2.517312,0.463208,setosa
2.629486,-0.021986,setosa
2.575438,0.085717,setosa
2.450227,0.240367,setosa
2.728900,0.545802,setosa
2.768481,0.212422,setosa
2.417755,0.561876,setosa
2.469976,0.056505,setosa
2.650325,-0.084948,setosa
2.704716,0.862872,setosa
2.805547,0.667274,setosa
2.630097,0.806047,setosa
2.794318,-0.456498,setosa
2.788611,-0.195787,setosa
2.779392,0.365925,setosa
2.535015,0.504216,setosa
2.589027,0.198127,setosa
2.859049,0.068227,setosa
2.607396,0.673067,setosa
2.647160,0.175780,setosa
2.539342,1.092458,setosa
2.546220,0.351681,setosa
2.624567,-0.067975,setosa
2.811175,-0.393305,setosa
2.390109,0.251495,setosa
2.565431,-0.128144,setosa
2.444244,0.533188,setosa
2.824513,0.001146,setosa
2.320104,-0.055595,setosa
2.695917,0.382044,setosa
2.871014,0.301065,setosa
2.582548,-0.087800,setosa
2.712253,0.486203,setosa
2.531200,-0.193939,setosa
2.431175,1.019086,setosa
2.648868,-0.249548,setosa
2.610900,0.625534,setosa
2.561097,0.037277,setosa
2.923903,-0.253520,setosa
2.935989,-0.131927,setosa
2.556043,0.773634,setosa
2.766824,0.290591,setosa
2.632276,0.538003,setosa
2.735971,0.097259,setosa
2.667935,0.181067,setosa
2.575850,0.923206,setosa
2.732072,0.237255,setosa
2.757744,0.697591,setosa
2.751596,0.161901,setosa
2.807371,0.247155,setosa
2.894880,-0.421666,setosa
2.809937,-0.293055,setosa
2.483467,0.735923,setosa
2.710997,0.568083,setosa
2.252157,1.030349,setosa
2.720450,-0.258736,setosa
2.758924,-0.185123,setosa
2.763452,-0.235634,setosa
2.757666,0.140833,setosa
2.561882,0.039247,setosa
2.754204,0.354520,setosa
2.512722,1.230104,setosa
2.805574,0.221249,setosa
2.567285,0.372429,setosa
2.231732,0.777992,setosa
2.341692,0.234048,setosa
2.530124,0.286668,setosa
3.041445,-0.475511,setosa
2.482354,0.533809,setosa
2.556024,0.899349,setosa
2.666841,0.127703,setosa
2.730608,0.315542,setosa
3.066771,-0.423751,setosa
2.563760,0.559289,setosa
2.732492,0.372065,setosa
2.805254,0.249817,setosa
2.736331,-0.328886,setosa
3.274310,-0.302790,setosa
2.872792,-0.065765,setosa
2.724291,0.007008,setosa
2.440959,0.115096,setosa
2.648053,0.774793,setosa
2.445573,0.496101,setosa
2.766770,0.925827,setosa
2.661299,-0.342884,setosa
2.942723,-0.124001,setosa
2.757600,-0.226245,setosa
2.583093,0.631942,setosa
2.801982,-0.179601,setosa
2.591099,0.607532,setosa
2.597953,0.586460,setosa
2.869651,-0.150287,setosa
2.613935,0.132730,setosa
-1.255175,0.625354,versicolor
-0.892571,0.283145,versicolor
-1.417542,0.454206,versicolor
-0.168757,-0.888176,versicolor
-1.040815,0.026058,versicolor
-0.616272,-0.476972,versicolor
-1.083027,0.180681,versicolor
0.790240,-1.065522,versicolor
-1.033590,0.165454,versicolor
0.033376,-0.796551,versicolor
0.523486,-1.310286,versicolor
-0.460440,-0.186887,versicolor
-0.206846,-0.592014,versicolor
-0.903667,-0.157455,versicolor
0.207738,-0.308096,versicolor
-0.878242,0.488969,versicolor
-0.636517,-0.443421,versicolor
-0.223045,-0.383326,versicolor
-0.896589,-0.545912,versicolor
0.015912,-0.601464,versicolor
-1.083010,-0.205885,versicolor
-0.295045,-0.075595,versicolor
-1.230263,-0.326151,versicolor
-0.882279,-0.258376,versicolor
-0.642479,0.146183,versicolor
-0.892683,0.264324,versicolor
-1.312994,0.233601,versicolor
-1.525123,0.233466,versicolor
-0.765759,-0.185966,versicolor
0.330079,-0.388440,versicolor
0.074847,-0.749620,versicolor
0.247827,-0.699531,versicolor
-0.114267,-0.372068,versicolor
-1.363534,-0.463748,versicolor
-0.566023,-0.571444,versicolor
-0.750247,0.118732,versicolor
-1.187074,0.373307,versicolor
-0.772910,-0.324754,versicolor
-0.208401,-0.386556,versicolor
-0.114403,-0.684823,versicolor
-0.467395,-0.742042,versicolor
-0.864918,-0.082712,versicolor
-0.214516,-0.451460,versicolor
0.750920,-1.042376,versicolor
-0.331616,-0.559525,versicolor
-0.289731,-0.301459,versicolor
-0.335278,-0.395277,versicolor
-0.606627,-0.002741,versicolor
0.961428,-0.816666,versicolor
-0.279786,-0.422221,versicolor
-0.524784,-0.273111,versicolor
0.101717,-0.666444,versicolor
-0.447685,-0.674384,versicolor
-0.213455,-0.307125,versicolor
-1.081816,0.510777,versicolor
-0.703274,0.419022,versicolor
-0.612432,-0.082821,versicolor
-0.254298,-0.888165,versicolor
-1.211484,-0.396208,versicolor
-1.036517,0.049536,versicolor
-0.016161,-0.537005,versicolor
-1.322651,0.545174,versicolor
-0.127850,-0.195996,versicolor
-1.062231,0.465100,versicolor
-0.050109,-0.311213,versicolor
-0.634010,0.407242,versicolor
-0.444530,-0.567858,versicolor
-1.099036,0.279516,versicolor
-0.553753,-0.224591,versicolor
-0.799529,-0.399736,versicolor
-0.408516,-0.380519,versicolor
-0.714390,0.440438,versicolor
-0.210671,-0.135609,versicolor
-1.060846,0.115374,versicolor
-0.912014,-0.124914,versicolor
-1.144523,0.387876,versicolor
-0.761675,0.089541,versicolor
-0.118257,-0.036357,versicolor
-0.919540,0.249311,versicolor
-0.324985,-0.636676,versicolor
-0.950380,-0.506342,versicolor
-0.845959,0.374364,versicolor
-1.249226,0.372523,versicolor
-1.023321,-0.028753,versicolor
-0.143258,-0.789983,versicolor
-0.674545,0.213805,versicolor
-1.447158,0.204808,versicolor
-0.544399,-0.104007,versicolor
-0.368969,-0.612073,versicolor
-0.368310,-0.679344,versicolor
-0.332003,-0.736298,versicolor
-0.939182,-0.015878,versicolor
-1.273160,-0.200365,versicolor
-0.641577,-0.495559,versicolor
-0.488436,-0.209978,versicolor
-0.880816,0.189792,versicolor
-1.328551,-0.449095,versicolor
-0.125278,-0.655618,versicolor
-1.453260,-0.163538,versicolor
0.122630,-0.592387,versicolor
-0.315260,-0.384131,versicolor
-0.476605,0.061209,versicolor
-0.894079,-0.257793,versicolor
-1.072716,-0.548391,versicolor
0.103773,-0.439905,versicolor
0.148335,-0.700469,versicolor
-0.966589,0.290232,versicolor
-0.983295,0.351054,versicolor
-0.845248,0.185482,versicolor
-0.296378,-0.727798,versicolor
0.257956,-0.482214,versicolor
-0.064258,-0.023326,versicolor
-0.443619,-0.383826,versicolor
-0.267400,-0.714258,versicolor
0.446932,-0.322593,versicolor
-0.839155,-0.121063,versicolor
0.164373,-0.245303,versicolor
-1.177478,0.227215,versicolor
-0.925231,0.380179,versicolor
0.922838,-0.592515,versicolor
-0.846269,0.305319,versicolor
-0.191240,-0.355499,versicolor
-1.585256,0.394064,versicolor
-0.993487,-0.424278,versicolor
-1.038267,-0.096228,versicolor
-0.944529,-0.017692,versicolor
0.540154,-1.117614,versicolor
-0.212461,-0.799508,versicolor
-1.123550,0.456215,versicolor
-0.074217,-0.645214,versicolor
-0.779515,0.043572,versicolor
-0.820361,-0.608076,versicolor
-0.054150,-0.390085,versicolor
-0.521150,-0.183552,versicolor
-1.448796,-0.181104,versicolor
-0.583546,-0.145182,versicolor
-1.082980,-0.257827,versicolor
-0.003991,-0.266367,versicolor
-0.069895,-0.697345,versicolor
-1.619741,0.606271,versicolor
0.119734,-0.718912,versicolor
-0.507564,-0.765346,versicolor
-1.069372,-0.530009,versicolor
-0.014254,-0.461013,versicolor
0.372486,-0.882007,versicolor
-1.874269,0.381343,versicolor
-0.308186,-0.453062,versicolor
-0.991720,0.129900,versicolor
-1.050588,0.337338,versicolor
-1.141453,-0.406645,versicolor
-0.084050,-0.636103,versicolor
0.482641,-0.654205,versicolor
-0.943490,-0.170231,versicolor
-0.045897,-0.675158,versicolor
-1.206605,0.383661,versicolor
0.237295,-0.612764,versicolor
-0.071380,-0.864859,versicolor
-0.444925,-0.765446,versicolor
-0.260173,0.191943,versicolor
-0.024647,-0.367313,versicolor
-1.436919,0.570138,versicolor
-1.151446,0.604505,versicolor
-1.174825,-0.204952,versicolor
-0.730898,0.020297,versicolor
0.059477,-0.160964,versicolor
0.386142,-1.013286,versicolor
0.676177,-0.766447,versicolor
-1.231544,0.586189,versicolor
-0.997929,-0.743263,versicolor
-0.781251,0.640368,versicolor
-0.337139,-0.175518,versicolor
-0.926991,0.619229,versicolor
-0.478827,-0.192921,versicolor
-0.434729,-0.971207,versicolor
-1.577288,0.318293,versicolor
0.738089,-0.968428,versicolor
-0.817653,-0.318832,versicolor
0.116660,-0.636339,versicolor
-1.007696,0.423082,versicolor
-1.150661,-0.150350,versicolor
-0.958662,-0.113430,versicolor
-0.891655,-0.367949,versicolor
0.757284,-0.997876,versicolor
-0.122062,-0.329262,versicolor
-1.293431,0.327343,versicolor
-1.128409,0.134957,versicolor
-1.143784,0.206824,versicolor
-0.922318,-0.021097,versicolor
-1.144839,0.063678,versicolor
-0.941893,0.514143,versicolor
-1.054783,-0.324558,versicolor
-0.759882,0.195720,versicolor
-0.925733,0.361999,versicolor
0.665233,-0.570191,versicolor
-1.356165,-0.077944,versicolor
-1.253442,0.119687,versicolor
-0.020965,-0.444647,versicolor
-0.937869,0.117941,versicolor
-1.063553,-0.656321,versicolor
-0.112229,-0.533441,versicolor
-0.653389,-0.230802,versicolor
-1.133031,0.718269,versicolor
-1.503049,-0.285675,versicolor
-0.236587,-0.041100,versicolor
-0.998926,-0.232351,versicolor
-1.011481,0.152495,versicolor
0.089743,-0.483987,versicolor
-0.726996,-0.138228,versicolor
-0.108006,-0.394994,versicolor
-0.478781,-0.507938,versicolor
0.404450,-1.032732,versicolor
-0.264620,-0.543840,versicolor
0.193931,-0.503903,versicolor
-1.235837,0.311911,versicolor
-0.629530,-0.507666,versicolor
-0.712904,-0.297781,versicolor
-0.680118,-0.482395,versicolor
-0.152681,-0.261156,versicolor
-0.487716,-0.029005,versicolor
-0.214271,-0.344556,versicolor
-0.858633,-0.247906,versicolor
0.405027,-0.501012,versicolor
-1.015531,-0.426703,versicolor
-0.410304,-0.395256,versicolor
-0.733512,-0.432298,versicolor
-0.671124,-0.037630,versicolor
0.138930,-0.365991,versicolor
-1.052698,-0.402899,versicolor
-0.690656,0.016909,versicolor
-1.125579,0.315021,versicolor
-0.351624,-0.198751,versicolor
-0.805841,0.436938,versicolor
-0.825171,0.188936,versicolor
-0.564620,-0.382466,versicolor
-0.625692,0.084310,versicolor
-1.144766,0.008480,versicolor
-0.187746,-0.146441,versicolor
-0.984476,-0.243703,versicolor
-0.010938,-0.620202,versicolor
-0.975869,-0.170778,versicolor
0.868141,-0.786769,versicolor
0.037820,-0.278642,versicolor
-0.975205,0.150333,versicolor
-0.665830,-0.060355,versicolor
-0.950977,0.019135,versicolor
-1.689856,0.541212,versicolor
1.181042,-1.025431,versicolor
0.658038,-1.233036,versicolor
-0.936049,-0.480691,versicolor
-0.189169,-0.602929,versicolor
-0.526135,-0.019181,versicolor
-0.009706,-0.267697,versicolor
-0.312801,-0.302789,versicolor
-0.825202,-0.103337,versicolor
-0.088076,-0.611507,versicolor
-1.117195,-0.581873,versicolor
-0.142948,-0.371899,versicolor
-1.245374,0.417071,versicolor
-1.146539,-0.475402,versicolor
-0.386357,-0.580873,versicolor
-0.456762,-0.555462,versicolor
-0.755698,0.008249,versicolor
-1.196448,0.299039,versicolor
0.328146,-0.257568,versicolor
-0.399815,-0.694337,versicolor
-1.302095,0.516073,versicolor
-0.327698,-0.922377,versicolor
-0.961266,-0.204959,versicolor
-0.662116,0.005675,versicolor
-1.075001,-0.334160,versicolor
-0.381972,-0.713056,versicolor
-1.120567,0.164419,versicolor
-1.359268,0.196782,versicolor
-0.752693,0.036829,versicolor
-0.277970,-0.314225,versicolor
0.406158,-0.667812,versicolor
-0.322271,0.025363,versicolor
-0.652581,-0.085780,versicolor
-1.237038,0.638964,versicolor
-0.766644,-0.056347,versicolor
-0.049658,-0.236019,versicolor
-0.774930,-0.049935,versicolor
1.105931,-0.795268,versicolor
-0.906976,0.082321,versicolor
0.569864,-1.254959,versicolor
0.349184,-0.547621,versicolor
0.927405,-0.704302,versicolor
-0.343802,-0.746568,versicolor
-0.020630,-0.504950,versicolor
-0.508200,-0.050187,versicolor
-0.589828,-0.126923,versicolor
-0.100942,-0.718294,versicolor
-0.486307,-0.425830,versicolor
-0.216710,-0.651602,versicolor
-0.781633,0.061913,versicolor
-0.109021,-0.289647,versicolor
-0.316544,-0.535537,versicolor
0.330625,-0.733319,versicolor
-1.532044,0.777516,versicolor
0.058227,-0.223953,versicolor
-0.962778,0.073551,versicolor
-0.468018,-0.396986,versicolor
-0.721120,-0.194717,versicolor
-0.946334,0.438358,versicolor
-0.306176,0.010979,versicolor
0.540871,-0.312169,versicolor
-1.042954,0.026904,versicolor
0.056052,-0.359657,versicolor
-0.301991,-0.006841,versicolor
-0.311517,-0.279790,versicolor
-1.521970,0.871270,versicolor
-0.226370,-0.085281,versicolor
0.387862,-0.582267,versicolor
-0.857130,-0.477721,versicolor
-0.479202,-0.639898,versicolor
-0.152356,-0.529760,versicolor
-1.066743,0.408333,versicolor
-0.667889,-0.627144,versicolor
-0.523650,-0.150643,versicolor
-0.280788,-0.489936,versicolor
-1.242615,0.151444,versicolor
-0.174995,-0.537987,versicolor
-1.537522,0.525973,versicolor
-1.235077,0.679633,versicolor
-1.399882,0.309343,versicolor
1.226681,-0.855713,versicolor
-1.112674,0.490821,versicolor
-0.510894,0.007931,versicolor
0.213231,-0.665817,versicolor
-1.570565,-0.530036,versicolor
-0.309658,-0.552504,versicolor
-1.010332,0.402023,versicolor
-1.342688,0.487242,versicolor
0.058793,-0.194534,versicolor
-0.349728,-0.233042,versicolor
-0.039123,-0.323662,versicolor
-0.127391,0.136324,versicolor
-0.903378,0.019652,versicolor
-1.115141,0.466088,versicolor
0.023095,-0.471401,versicolor
-0.869269,-0.159145,versicolor
0.608420,-1.118588,versicolor
-1.416508,-0.630822,versicolor
-0.128460,-0.619092,versicolor
-0.133150,-0.320519,versicolor
0.813609,-0.825026,versicolor
-0.052835,-0.169888,versicolor
-0.337985,-0.633629,versicolor
-0.599247,0.206052,versicolor
-0.331836,-0.164600,versicolor
-1.427352,0.370058,versicolor
-0.067344,-0.546042,versicolor
-1.474385,0.337032,versicolor
-0.975795,-0.331816,versicolor
-0.132879,-0.756780,versicolor
-0.193287,-0.261009,versicolor
-0.229376,-0.888339,versicolor
-0.172228,-0.367007,versicolor
-0.940773,-0.396183,versicolor
-0.408854,-0.200581,versicolor
-0.885486,-0.006982,versicolor
0.377512,-0.420338,versicolor
-1.415018,0.166301,versicolor
-0.171603,-0.507108,versicolor
-0.777847,-0.630157,versicolor
-1.357790,0.361133,versicolor
-0.642816,-0.313061,versicolor
-0.764468,-0.244025,versicolor
-0.596407,-0.335092,versicolor
-1.142400,-0.065477,versicolor
-0.947266,0.411489,versicolor
-0.223323,-0.545317,versicolor
-0.456767,-0.685058,versicolor
-0.282999,-1.036746,versicolor
0.422130,-0.944531,versicolor
-0.097451,-0.636858,versicolor
-0.214971,-0.448354,versicolor
-0.548566,-0.180636,versicolor
-0.568181,0.280585,versicolor
-0.564043,-0.561413,versicolor
-0.303153,-0.329356,versicolor
-1.019209,0.749681,versicolor
-0.327419,-0.439762,versicolor
0.252690,-1.213308,versicolor
-0.367733,-0.601569,versicolor
0.776191,-1.112205,versicolor
-0.817923,-0.570671,versicolor
-1.006206,0.491886,versicolor
-0.705792,-0.518241,versicolor
-1.099491,-0.120249,versicolor
-0.872571,-0.224001,versicolor
-0.774391,-0.251918,versicolor
-0.296027,-0.043568,versicolor
-0.899450,0.090557,versicolor
-0.452429,-0.530731,versicolor
-1.265131,-0.497423,versicolor
-0.979121,-0.354395,versicolor
-0.881060,0.038794,versicolor
-1.067822,-0.013069,versicolor
-1.349578,0.695147,versicolor
-1.608110,0.620215,versicolor
-0.032377,-0.636831,versicolor
-0.657003,-0.205032,versicolor
-0.240028,-0.163872,versicolor
-0.577577,-0.074788,versicolor
-0.603404,-0.322143,versicolor
-0.271818,-0.261680,versicolor
-0.763755,0.000446,versicolor
-0.853394,-0.343213,versicolor
-0.775885,-0.286517,versicolor
-1.405913,-0.033836,versicolor
0.759240,-1.255338,versicolor
-0.781508,-0.448257,versicolor
-1.431794,-0.672331,versicolor
-0.037741,-0.626444,versicolor
-0.610470,-0.529246,versicolor
-0.735363,-0.546463,versicolor
-0.550320,-0.633411,versicolor
-1.131841,-0.115908,versicolor
-1.547174,-0.803322,versicolor
-1.184351,0.245595,versicolor
-1.240210,0.436643,versicolor
-0.310077,-0.092225,versicolor
-0.305188,0.110521,versicolor
0.647457,-0.655993,versicolor
-0.269608,-0.310051,versicolor
-0.235606,-0.622057,versicolor
-0.927632,0.368569,versicolor
-0.666902,0.447883,versicolor
-0.640419,0.035636,versicolor
0.304997,-0.063655,versicolor
-0.014845,-0.445215,versicolor
0.555242,-0.897932,versicolor
0.544103,-0.944993,versicolor
-0.042403,-0.802402,versicolor
-1.056690,0.351362,versicolor
-0.099323,-0.532115,versicolor
-0.272754,-0.221196,versicolor
-0.712710,-0.021134,versicolor
-1.001627,-0.097999,versicolor
-1.194192,0.205384,versicolor
-0.341612,-0.204425,versicolor
0.337756,-0.771789,versicolor
-0.214255,-0.407739,versicolor
-0.664817,0.055806,versicolor
-0.659560,-0.403591,versicolor
-0.897848,-0.317007,versicolor
-0.989988,-0.034733,versicolor
0.276517,-1.007183,versicolor
-0.404872,-0.518953,versicolor
-0.208318,-0.003174,versicolor
-0.416846,-0.415894,versicolor
-1.177355,-0.172291,versicolor
1.014479,-0.508625,versicolor
0.843657,-1.164784,versicolor
-0.852236,-0.088548,versicolor
-0.600318,-0.484677,versicolor
0.205307,-0.773716,versicolor
0.774716,-1.261754,versicolor
-1.331536,0.389657,versicolor
-1.141007,-0.702182,versicolor
-1.463609,-0.017195,versicolor
-0.633401,-0.455008,versicolor
-0.950938,-0.473520,versicolor
-1.161558,-0.638653,versicolor
-0.275100,-0.221971,versicolor
-1.171648,-0.125116,versicolor
-0.375278,-0.835980,versicolor
-1.232049,0.104176,versicolor
-0.897092,-0.481753,versicolor
0.457102,-0.759666,versicolor
-0.101624,-0.042072,versicolor
-0.723634,-0.371116,versicolor
-1.082319,0.749411,versicolor
-0.763077,-0.625891,versicolor
-1.815775,-0.001365,versicolor
-1.462942,0.077584,versicolor
-0.062770,-0.597743,versicolor
-0.752568,-0.393851,versicolor
-0.246912,-0.401743,versicolor
-1.489702,0.339461,versicolor
-0.241089,-0.741559,versicolor
-1.219747,-0.062441,versicolor
0.330970,-1.222713,versicolor
0.955840,-0.713450,versicolor
-1.305953,-0.270813,versicolor
0.034519,-0.459076,versicolor
-0.224193,-0.142579,versicolor
-0.943878,0.263763,versicolor
-0.443229,-0.628452,versicolor
-1.020943,0.266268,versicolor
-0.073208,-0.702742,versicolor
-1.305919,0.474439,versicolor
-0.147425,-0.563731,versicolor
-0.959080,0.023376,versicolor
-0.442780,-0.326926,versicolor
-0.313967,-0.208728,versicolor
-0.463944,-0.090437,versicolor
-0.224399,-0.531392,versicolor
0.568497,-1.240817,versicolor
-2.495618,-0.151051,virginica
-1.385313,-0.638715,virginica
-2.577338,0.306988,virginica
-1.909500,-0.270616,virginica
-2.322088,-0.103617,virginica
-3.365262,0.527065,virginica
-0.455910,-1.255859,virginica
-2.888626,0.270845,virginica
-2.326449,-0.259853,virginica
-2.894810,0.715325,virginica
-1.638485,0.161983,virginica
-1.753943,-0.251302,virginica
-2.127079,0.126692,virginica
-1.308335,-0.851227,virginica
-1.543992,-0.654520,virginica
-1.869947,-0.005882,virginica
-1.905192,-0.054608,virginica
-3.421009,1.106567,virginica
-3.770681,0.245187,virginica
-1.261312,-0.764774,virginica
-2.367953,0.312617,virginica
-1.159502,-0.658072,virginica
-3.446033,0.479441,virginica
-1.385106,-0.249902,virginica
-2.269901,0.238810,virginica
-2.546203,0.522265,virginica
-1.202081,-0.239445,virginica
-1.265328,-0.211345,virginica
-2.042917,-0.307647,virginica
-2.345038,0.439526,virginica
-2.789721,0.350516,virginica
-3.174926,1.318303,virginica
-2.122215,-0.258679,virginica
-1.443978,-0.216153,virginica
-1.734524,-0.576561,virginica
-3.053796,0.690229,virginica
-2.116738,0.037049,virginica
-1.859563,-0.061742,virginica
-1.167344,-0.267010,virginica
-2.060283,0.285154,virginica
-2.251637,0.144247,virginica
-1.884323,0.326702,virginica
-1.330398,-0.648358,virginica
-2.499497,0.188587,virginica
-2.382615,0.241762,virginica
-1.891053,0.127748,virginica
-1.457858,-0.417483,virginica
-1.722568,-0.001794,virginica
-1.864925,0.007632,virginica
-1.345850,-0.363595,virginica
-0.986399,0.154274,virginica
-1.699010,-0.578877,virginica
-2.958908,0.109559,virginica
-1.172673,-0.183793,virginica
-1.280441,0.063130,virginica
-2.210027,0.054117,virginica
-0.791106,-1.319752,virginica
-1.940691,0.114038,virginica
-2.684749,-0.015353,virginica
-2.061863,0.340671,virginica
-1.342149,-0.073519,virginica
-1.941494,0.206517,virginica
-2.253560,0.693106,virginica
-2.123260,0.492584,virginica
-1.272497,-0.681031,virginica
-1.481814,-0.176374,virginica
-1.515748,-0.582322,virginica
-1.613211,0.055973,virginica
-2.451134,-0.172278,virginica
-2.249244,0.503466,virginica
-1.206527,-0.495717,virginica
-1.794275,0.196940,virginica
-2.833212,0.254931,virginica
-2.237671,0.004588,virginica
-1.267739,-0.128192,virginica
-1.594668,-0.480478,virginica
-1.859803,-0.313516,virginica
-1.503949,-0.410406,virginica
-1.809516,-0.251812,virginica
-1.518997,-0.179639,virginica
-1.023672,-0.465908,virginica
-4.036639,0.584182,virginica
-2.511783,0.196944,virginica
-1.241999,-0.376164,virginica
-3.181963,0.336787,virginica
-2.507428,-0.238275,virginica
-1.684632,-0.381058,virginica
-1.727663,0.006560,virginica
-2.236909,-0.466764,virginica
-1.353064,-0.826151,virginica
-2.655645,0.561411,virginica
-1.923165,-0.044574,virginica
-1.717571,-0.273424,virginica
-3.933085,0.435437,virginica
-2.097786,0.446777,virginica
-1.644724,-0.049586,virginica
-1.903997,0.125952,virginica
-2.223136,-0.265414,virginica
-2.077481,0.284016,virginica
-2.821096,0.673621,virginica
-2.912770,0.231672,virginica
-1.537174,-0.605453,virginica
-2.030202,0.403445,virginica
-1.071215,-0.745825,virginica
-2.702212,0.174911,virginica
-3.320027,-0.029638,virginica
-2.333400,-0.271686,virginica
-2.929195,0.553600,virginica
-2.307108,-0.025150,virginica
-3.246528,1.015029,virginica
-1.138985,0.141692,virginica
-1.376099,-0.219334,virginica
-2.694460,0.601952,virginica
-3.224858,0.605691,virginica
-2.690367,0.144630,virginica
-3.014284,0.603388,virginica
-2.516641,0.258057,virginica
-2.818050,0.621281,virginica
-2.149910,0.405642,virginica
-1.413607,-0.328542,virginica
-2.653938,0.219630,virginica
-1.258178,-0.326612,virginica
-1.115094,0.168814,virginica
-0.588104,-1.356399,virginica
-2.443094,-0.298423,virginica
-2.530268,0.456061,virginica
-2.331610,0.105010,virginica
-2.315147,-0.330383,virginica
-3.359206,0.117300,virginica
-2.128372,0.198455,virginica
-2.612659,0.087054,virginica
-1.980677,-0.017367,virginica
-1.733888,-0.336737,virginica
-1.437992,-0.419597,virginica
-1.285506,-0.308756,virginica
-3.594122,0.504471,virginica
-1.954628,-0.313845,virginica
-1.262793,-0.550703,virginica
-1.765930,-0.501635,virginica
-1.088739,-0.142148,virginica
-3.039181,0.647572,virginica
-3.351128,0.797459,virginica
-1.824165,0.451248,virginica
-2.846515,0.415579,virginica
-3.303688,0.819616,virginica
-2.875731,0.472864,virginica
-2.243126,-0.340214,virginica
-2.695545,0.218631,virginica
-3.254337,0.720030,virginica
-1.759359,-0.247712,virginica
-2.038787,0.230371,virginica
-2.507871,0.387864,virginica
-1.943548,-0.310166,virginica
-1.661446,-0.122622,virginica
-2.363950,0.027418,virginica
-3.483946,1.247806,virginica
-3.538296,0.337734,virginica
-1.639869,0.018584,virginica
-1.500333,0.211869,virginica
-2.472360,0.256901,virginica
-1.789236,0.085524,virginica
-1.714724,-0.211493,virginica
-1.495777,-0.661096,virginica
-1.962339,-0.277791,virginica
-1.939261,-0.227230,virginica
-2.677265,0.542128,virginica
-3.959482,0.629162,virginica
-1.229656,-0.825566,virginica
-3.225733,0.861272,virginica
-1.833711,0.202140,virginica
-3.685596,1.676595,virginica
-0.952676,-0.137576,virginica
-2.527889,0.521661,virginica
-1.446829,-0.536086,virginica
-2.629846,0.262769,virginica
-2.676936,0.542381,virginica
-2.696740,0.222283,virginica
-2.215732,-0.344947,virginica
-2.439026,0.073598,virginica
-2.637257,0.467546,virginica
-1.461253,0.288838,virginica
-1.880448,-0.227961,virginica
-2.669621,-0.029537,virginica
-2.042148,-0.180747,virginica
-1.300931,-0.392594,virginica
-2.277445,0.532827,virginica
-1.619075,-0.511604,virginica
-3.280158,0.586684,virginica
-2.704561,0.092673,virginica
-3.337473,1.646489,virginica
-1.985298,0.147395,virginica
-1.844720,-0.095023,virginica
-2.376879,0.101699,virginica
-3.388527,0.949083,virginica
-2.356333,0.244785,virginica
-1.029786,-0.338594,virginica
-1.474545,-0.112835,virginica
-2.027396,0.384559,virginica
-2.258546,-0.125922,virginica
-1.881069,0.383886,virginica
-2.841635,0.400469,virginica
-1.360563,-0.074555,virginica
-1.610267,0.497967,virginica
-2.659337,0.580560,virginica
-2.834337,0.316990,virginica
-1.719075,0.251357,virginica
-2.998670,0.159790,virginica
-2.126303,-0.349097,virginica
-2.993860,0.776348,virginica
-2.513075,-0.419484,virginica
-3.209545,1.445276,virginica
-2.033564,-0.328297,virginica
-2.758321,0.101043,virginica
-1.764964,-0.486248,virginica
-1.987239,-0.001335,virginica
-2.099206,0.403139,virginica
-2.080471,-0.027264,virginica
-1.601650,-0.202324,virginica
-1.939036,-0.273900,virginica
-1.597300,-0.710217,virginica
-2.207002,-0.261677,virginica
-2.126976,-0.164570,virginica
-1.919748,0.031339,virginica
-2.328965,0.290094,virginica
-3.700246,1.071835,virginica
-1.752364,-0.442023,virginica
-2.693574,0.485161,virginica
-3.160071,0.565788,virginica
-1.372137,-0.255079,virginica
-1.389739,-0.538432,virginica
-2.751553,0.471851,virginica
-1.920172,0.012983,virginica
-1.693498,-0.097682,virginica
-2.493404,0.348724,virginica
-2.535545,0.125551,virginica
-2.316393,-0.027465,virginica
-1.548044,-0.384906,virginica
-2.265424,0.176588,virginica
-2.568847,0.508026,virginica
-1.889074,-0.228913,virginica
-3.497767,0.747524,virginica
-1.247891,0.079721,virginica
-1.875366,0.531837,virginica
-0.583264,-0.717210,virginica
-1.563637,-0.306183,virginica
-2.598321,0.612700,virginica
-1.727403,-0.100602,virginica
-2.600927,0.204604,virginica
-2.664346,0.152940,virginica
-1.491041,-0.517769,virginica
-3.260968,0.797181,virginica
-1.936923,0.278067,virginica
-3.249827,0.310114,virginica
-1.265291,-0.106060,virginica
-2.357416,0.260370,virginica
-2.899956,0.085613,virginica
-2.579447,0.117837,virginica
-1.953555,-0.147597,virginica
-1.502662,0.160739,virginica
-2.470547,0.883346,virginica
-2.727677,0.479818,virginica
-2.420391,0.247407,virginica
-2.026965,0.326680,virginica
-1.792527,0.040699,virginica
-1.809074,-0.407304,virginica
-2.536226,0.388047,virginica
-1.724958,0.388997,virginica
-1.563298,-0.524276,virginica
-1.838340,-0.131268,virginica
-1.739055,-0.001570,virginica
-1.848310,0.034530,virginica
-1.618257,0.273864,virginica
-2.660032,0.381759,virginica
-1.454349,-0.138288,virginica
-3.040711,0.707821,virginica
-1.881311,0.358445,virginica
-1.478575,-0.038354,virginica
-1.640791,-0.167735,virginica
-2.359742,-0.459234,virginica
-1.111743,-0.936007,virginica
-2.117924,-0.058976,virginica
-1.779909,-0.266430,virginica
-2.266141,-0.005261,virginica
-3.280490,0.320756,virginica
-2.505089,-0.061275,virginica
-1.978779,0.058311,virginica
-2.116025,0.091277,virginica
-2.913138,0.732078,virginica
-2.375802,0.554457,virginica
-1.795190,0.180344,virginica
-0.372684,-0.846729,virginica
-1.565281,-0.301085,virginica
-1.712094,0.514220,virginica
-2.602754,0.260789,virginica
-3.176172,0.515264,virginica
-1.280061,0.124011,virginica
-1.655235,0.019280,virginica
-1.002468,-0.369592,virginica
-2.619646,-0.297731,virginica
-1.700229,-1.060259,virginica
-1.290208,-0.799777,virginica
-3.283443,0.909648,virginica
-2.105504,-0.059524,virginica
-1.488189,0.084634,virginica
-2.755171,0.055498,virginica
-2.867103,0.465026,virginica
-2.563850,0.051067,virginica
-1.355420,-1.114532,virginica
-1.299049,-0.787075,virginica
-2.961201,0.364721,virginica
-2.487863,0.324122,virginica
-2.455746,0.446652,virginica
-2.391372,0.487822,virginica
-0.909716,-0.614081,virginica
-2.346659,0.536693,virginica
-2.732262,0.489012,virginica
-1.794974,0.177454,virginica
-2.200181,0.033680,virginica
-1.294938,0.007038,virginica
-2.679377,0.249039,virginica
-1.534684,0.044692,virginica
-2.837864,0.663522,virginica
-3.852588,0.655381,virginica
-2.575286,0.572465,virginica
-1.400391,-0.661043,virginica
-3.834455,0.333565,virginica
-3.128361,1.500964,virginica
-1.930225,-0.091783,virginica
-2.089003,-0.063069,virginica
-2.003262,0.275385,virginica
-1.523262,-0.681282,virginica
-2.437737,0.539928,virginica
-2.251017,0.200089,virginica
-2.961562,0.580997,virginica
-2.166156,-0.305017,virginica
-1.097907,-0.909785,virginica
-2.192999,-0.028474,virginica
-1.393541,-0.573334,virginica
-1.649990,-0.057185,virginica
-1.219528,0.022930,virginica
-1.626411,-0.359960,virginica
-1.898650,-0.259518,virginica
-2.688831,0.160145,virginica
-1.799984,-0.150266,virginica
-3.401888,0.373426,virginica
-0.971140,-1.174634,virginica
-2.049200,-0.425708,virginica
-2.052270,0.038451,virginica
-1.930905,0.065989,virginica
-1.200933,0.081567,virginica
-1.608754,-0.291319,virginica
-1.583576,0.425616,virginica
-2.628877,-0.109822,virginica
-3.110074,0.158267,virginica
-1.861097,-0.141853,virginica
-1.530614,-0.887160,virginica
-1.696466,-0.189603,virginica
-2.215756,0.033632,virginica
-1.811528,0.089890,virginica
-1.513623,-0.405282,virginica
-1.569149,-0.451167,virginica
-1.220171,-0.477728,virginica
-2.509221,0.425200,virginica
-2.022186,-0.600960,virginica
-1.436205,-0.591046,virginica
-1.585475,-0.050084,virginica
-2.457035,-0.119579,virginica
-3.012199,0.060521,virginica
-3.354020,0.720949,virginica
-1.026718,-0.632227,virginica
-2.802369,0.260556,virginica
-1.210837,0.160679,virginica
-3.556769,1.442342,virginica
-2.866010,0.641972,virginica
-3.037243,0.720871,virginica
-1.897422,0.199703,virginica
-3.025937,0.448458,virginica
-2.186391,-0.410414,virginica
-1.538477,0.279744,virginica
-2.844442,0.788804,virginica
-2.094499,-0.192864,virginica
-2.415779,0.299783,virginica
-2.428995,0.448071,virginica
-3.329227,1.363167,virginica
-2.363447,0.445619,virginica
-2.451334,0.373372,virginica
-2.039528,0.095623,virginica
-3.462620,0.909403,virginica
-2.214906,-0.479702,virginica
-1.462788,-0.157964,virginica
-1.495415,-0.085242,virginica
-2.179723,0.172589,virginica
-1.440218,0.079059,virginica
-3.479401,0.939045,virginica
-2.875379,0.338522,virginica
-1.405548,-0.777351,virginica
-1.751335,-0.030268,virginica
-3.431386,0.862619,virginica
-3.063216,0.656421,virginica
-2.912612,0.858863,virginica
-2.565100,0.146965,virginica
-3.037326,0.404149,virginica
-1.613923,0.344754,virginica
-1.726739,0.382246,virginica
-2.846769,0.324040,virginica
-2.118299,-0.005940,virginica
-2.264280,0.347593,virginica
-2.142384,0.352132,virginica
-1.591741,-0.123424,virginica
-2.291386,0.391048,virginica
-2.229812,-0.606479,virginica
-1.315070,-0.310223,virginica
-2.294391,0.111595,virginica
-1.452544,-0.061086,virginica
-1.225359,-0.450199,virginica
-2.180802,0.043305,virginica
-2.197060,0.208612,virginica
-1.247105,0.122935,virginica
-2.526247,-0.147070,virginica
-2.626790,0.464797,virginica
-2.214016,0.351674,virginica
-1.788087,-0.091412,virginica
-3.184019,0.866983,virginica
-2.990061,0.285672,virginica
-2.132277,0.483320,virginica
-1.566915,-0.524071,virginica
-1.819684,-0.558736,virginica
-2.041782,-0.088038,virginica
-1.686122,0.538451,virginica
-3.773200,0.213658,virginica
-1.496478,-0.149303,virginica
-2.051980,0.166641,virginica
-2.849274,0.727274,virginica
-1.829108,-0.653505,virginica
-3.016937,0.453295,virginica
-2.215855,-0.202345,virginica
-1.608525,-0.041833,virginica
-3.769918,0.745354,virginica
-2.715289,0.005634,virginica
-2.302114,0.057959,virginica
-1.171934,-1.031418,virginica
-1.306135,-0.514600,virginica
-1.869739,0.126118,virginica
-2.106687,0.341614,virginica
-2.070398,0.091815,virginica
-1.212072,-0.593822,virginica
-1.953912,0.204215,virginica
-2.434767,0.343680,virginica
-1.067165,-0.492074,virginica
-2.950206,0.262424,virginica
-3.635528,0.711798,virginica
-2.665197,0.175910,virginica
-1.889541,-0.571285,virginica
-1.505459,-0.594539,virginica
-2.671930,-0.183906,virginica
-3.623775,0.762621,virginica
-3.176468,1.266294,virginica
-2.621823,-0.256020,virginica
-2.329059,0.038770,virginica
-3.605493,0.450026,virginica
-3.060440,0.334590,virginica
-1.743654,0.039452,virginica
-1.187877,-0.470429,virginica
-1.672518,-0.592762,virginica
-1.027615,-0.814756,virginica
-2.764276,0.671336,virginica
-2.855638,0.464116,virginica
-1.713353,0.194104,virginica
-1.475985,-0.417860,virginica
-2.646887,0.248781,virginica
-1.645420,-0.226769,virginica
-2.088123,0.477519,virginica
-2.106760,0.291998,virginica
-2.399156,-0.598275,virginica
-1.664258,-0.543193,virginica
-2.238003,-0.066273,virginica
-2.638633,0.571626,virginica
-1.176698,-0.241536,virginica
-1.955492,0.410614,virginica
-2.922544,0.098745,virginica
-2.505186,0.187082,virginica
-2.867631,0.805709,virginica
-2.118990,-0.137840,virginica
-2.321372,0.290951,virginica
-3.251799,0.451280,virginica
-2.264515,0.145927,virginica
-3.210898,0.434453,virginica
-2.251735,0.162233,virginica
-1.468917,-0.321420,virginica
-1.782885,-0.094962,virginica
-1.749541,-0.572919,virginica
-2.010483,-0.201097,virginica
-2.620714,0.338987,virginica
-1.295469,-0.418993,virginica
-1.692484,-0.479468,virginica
-3.128824,0.647031,virginica
-1.166417,-0.112832,virginica
-2.210856,0.667194,virginica
-1.777862,-0.119602,virginica
-2.602841,0.119417,virginica
